feature_names,depth_1,depth_2,depth_3,depth_4
feature_generative_honorific_tughrik,1,1,1,1
feature_biased_puzzling_cessation,1,1,1,1
feature_sludgiest_telltale_mutant,1,1,1,1
feature_palatalized_unsucceeded_induration,1,1,1,1
feature_fishiest_simulatory_roadholding,1,1,1,1
feature_expressed_abhominable_pruning,1,1,1,2
feature_hyperbaric_populated_optimum,1,1,1,2
feature_difficile_oxalic_spheroid,1,1,1,2
feature_seemlier_reorient_monandry,1,1,1,2
feature_caudated_judicial_crossette,1,1,1,2
feature_deceased_peppiest_hitlerism,1,1,1,2
feature_equalized_statuary_more,1,1,1,2
feature_interdental_mongolian_anarchism,1,1,1,2
feature_unstitched_peppercorny_value,1,1,1,2
feature_publishable_apiarian_rollick,1,1,1,2
feature_septic_cuticular_cape,1,1,1,3
feature_greedier_favorable_enthymeme,1,1,1,3
feature_emissive_perinephric_conveniency,1,1,1,3
feature_acoustical_infirm_ascent,1,1,1,3
feature_misanthropic_knurliest_freebooty,1,1,1,3
feature_confiscatory_triennial_pelting,1,1,1,3
feature_torturesome_estimable_preferrer,1,1,1,3
feature_foliated_psychokinetic_vivian,1,1,1,3
feature_ruthenic_pinchbeck_limitarian,1,1,1,3
feature_fertilized_quartile_roll,1,1,1,3
feature_leggiest_slaggiest_inez,1,1,1,4
feature_poachier_unsufferable_bile,1,1,1,4
feature_baldish_cognitional_naha,1,1,1,4
feature_tortured_arsenical_arable,1,1,1,4
feature_clarified_mimic_slash,1,1,1,4
feature_smoggy_niftiest_lunch,1,1,1,5
feature_stylar_denudate_intonation,1,1,1,5
feature_tested_kinkiest_levigation,1,1,1,5
feature_springlike_crackjaw_bheesty,1,1,1,5
feature_unpruned_pedagoguish_inkblot,1,1,1,5
feature_himyarite_tetragonal_deceit,1,1,2,6
feature_undirected_perdu_ylem,1,1,2,6
feature_stupid_untidying_fraud,1,1,2,6
feature_seamier_jansenism_inflator,1,1,2,7
feature_liverpudlian_multicellular_torsk,1,1,2,7
feature_satanic_hominoid_lingo,1,1,2,7
feature_unspotted_practiced_gland,1,1,2,7
feature_institutionalized_individualized_worcestershire,1,1,2,7
feature_tossing_denominative_threshing,1,1,2,8
feature_antipodal_unable_thievery,1,1,2,8
feature_winsome_irreproachable_milkfish,1,1,2,8
feature_widespread_mannish_seaquake,1,1,2,9
feature_unshaped_compound_trunkfish,1,1,2,9
feature_registered_arrayed_galactagogue,1,1,2,10
feature_malarian_multinuclear_averroist,1,1,2,10
feature_perigean_bewitching_thruster,1,1,3,11
feature_fustier_crossing_pharyngology,1,1,3,11
feature_untinged_crystallographic_succulent,1,1,3,11
feature_undemocratic_unrhymed_subarea,1,1,3,11
feature_healthy_preterhuman_conto,1,1,3,12
feature_destructive_winterweight_towbar,1,1,3,12
feature_renegade_undomestic_milord,1,1,3,13
feature_nobiliary_nativist_pull,1,1,3,13
feature_barest_kempt_crowd,1,1,3,13
feature_theocratical_shredded_categorist,1,1,3,13
feature_nebule_barmier_bibliomania,1,1,3,14
feature_liege_unexercised_ennoblement,1,1,3,14
feature_canonical_dermatographic_mellowing,1,1,3,14
feature_volitional_ascensive_selfhood,1,1,3,15
feature_whistleable_unbedimmed_chokey,1,1,4,16
feature_avowed_cloying_anthropologist,1,1,4,16
feature_unwonted_trusted_fixative,1,1,4,16
feature_precooled_inoperable_credence,1,1,4,16
feature_titillative_pledged_breccia,1,1,4,16
feature_bloodied_twinkling_andante,1,1,4,17
feature_tribal_germinable_yarraman,1,1,4,18
feature_telangiectatic_unwon_machtpolitik,1,1,4,18
feature_antiperspirant_degradable_voltaire,1,1,4,18
feature_tranquilizing_abashed_glyceria,1,1,4,18
feature_unlocked_tetraethyl_mobility,1,1,4,18
feature_roiling_trimeric_kurosawa,1,1,4,19
feature_deformed_unenslaved_graniteware,1,1,4,19
feature_affined_pushier_haranguer,1,1,4,19
feature_ruthenian_uncluttered_vocalizing,1,1,4,19
feature_parallelism_later_triennial,1,1,4,19
feature_perceivable_gasiform_psammite,1,1,4,20
feature_inane_ribald_adrenal,1,1,4,20
feature_gymnastic_erective_tranche,1,1,4,20
feature_huge_neoclassic_crossbencher,1,1,4,20
feature_sixteen_inbreed_are,1,1,5,21
feature_spongiest_sunbeamed_connolly,1,1,5,21
feature_dovetailed_winy_hanaper,1,1,5,22
feature_resuscitative_communicable_brede,1,1,5,22
feature_unbagged_parliamentary_plough,1,1,5,22
feature_marxian_subminiature_minx,1,1,5,23
feature_unstaying_contrary_ichor,1,1,5,23
feature_sunk_pyrrho_allah,1,1,5,24
feature_lashed_dirigible_scrubber,1,1,5,24
feature_unbeaten_orological_dentin,1,1,5,25
feature_unknown_reusable_cabbage,1,2,6,26
feature_wispy_reverberating_fyrd,1,2,6,27
feature_jammed_morphotic_destruction,1,2,6,28
feature_amygdaloidal_intersectional_canonry,1,2,6,29
feature_unaired_operose_lactoprotein,1,2,6,30
feature_gustier_maladjusted_bargeman,1,2,7,31
feature_quarrelsome_sneakiest_misadventure,1,2,7,31
feature_unbreakable_nosological_comedian,1,2,7,32
feature_incitant_trochoidal_oculist,1,2,7,32
feature_reclaimed_fallibilist_turpentine,1,2,7,33
feature_unsurveyed_boyish_aleph,1,2,7,33
feature_cut_rouged_defilement,1,2,7,33
feature_suggestive_sexological_massasauga,1,2,7,34
feature_archaean_seething_hoyle,1,2,7,34
feature_ratable_wrapround_epitome,1,2,7,35
feature_unperfect_implemental_cellarage,1,2,8,36
feature_pressed_animalcular_garden,1,2,8,37
feature_hetero_overweary_hylotheist,1,2,8,38
feature_extractable_serrulate_swing,1,2,8,39
feature_alleviatory_novercal_semivowel,1,2,8,40
feature_reminiscent_unpained_ukulele,1,2,9,41
feature_zoochemical_brimful_hector,1,2,9,41
feature_diverticular_punjabi_matronship,1,2,9,42
feature_incendiary_failing_fluff,1,2,9,42
feature_sleaziest_neediest_yawn,1,2,9,42
feature_obverse_plumy_ultramontanism,1,2,9,42
feature_unrelieved_rawish_cement,1,2,9,43
feature_aloetic_presented_scarer,1,2,9,44
feature_unforeboding_cometic_billionaire,1,2,9,44
feature_strychnic_structuralist_chital,1,2,9,45
feature_festering_controvertible_hostler,1,2,10,46
feature_representable_ungored_zoffany,1,2,10,47
feature_sclerotic_resupinate_hard,1,2,10,48
feature_cheering_protonemal_herd,1,2,10,49
feature_preservable_panchromatic_roadhouse,1,2,10,50
feature_helpable_chanciest_fractionisation,1,3,11,51
feature_unmeaning_ungyved_outboard,1,3,11,52
feature_scythian_lithographical_whigmaleerie,1,3,11,53
feature_impractical_endorsed_tide,1,3,11,54
feature_saturate_unsentimental_allograph,1,3,11,55
feature_inhibited_snowiest_drawing,1,3,12,56
feature_wholesale_contrived_caracole,1,3,12,56
feature_severe_tricky_pinochle,1,3,12,57
feature_mortal_sovran_powerboat,1,3,12,57
feature_hungry_thermoluminescent_shareholding,1,3,12,57
feature_unseasonable_weathered_med,1,3,12,57
feature_loricate_cryptocrystalline_ethnology,1,3,12,58
feature_discrepant_ventral_shicker,1,3,12,59
feature_exsanguine_ethereal_archon,1,3,12,60
feature_guileful_congenerical_literation,1,3,12,60
feature_spookiest_expedite_overnighter,1,3,13,61
feature_unexceptionable_saprozoic_culturist,1,3,13,61
feature_store_apteral_isocheim,1,3,13,61
feature_interdigital_sewn_glucagon,1,3,13,61
feature_rheumy_epistemic_prancer,1,3,13,62
feature_otherworldly_hallstatt_tolerator,1,3,13,62
feature_theban_byronic_prolation,1,3,13,62
feature_tiniest_rangiest_investment,1,3,13,62
feature_assertive_worsened_scarper,1,3,13,63
feature_cairned_fumiest_ordaining,1,3,13,63
feature_hotfoot_behaviorist_terylene,1,3,13,64
feature_perturbed_dry_grosvenor,1,3,13,64
feature_lotic_anticorrosive_acetone,1,3,13,64
feature_bareheaded_satisfied_copartner,1,3,13,64
feature_huskiest_compartmental_jacquerie,1,3,13,65
feature_mucky_loanable_gastrostomy,1,3,13,65
feature_culinary_pro_offering,1,3,14,66
feature_unheaded_unmated_behaviour,1,3,14,67
feature_overmerry_quinary_raisin,1,3,14,68
feature_watery_behaviorist_incitation,1,3,14,69
feature_ganoid_osiered_mineralogy,1,3,15,71
feature_unblunted_titubant_sequoia,1,3,15,72
feature_vedic_laryngitic_battuta,1,3,15,73
feature_calculating_unenchanted_microscopium,1,3,15,74
feature_unshuttered_curly_uvular,1,3,15,75
feature_undescribed_methylic_friday,1,4,16,76
feature_battled_beating_radiotelephony,1,4,16,76
feature_tepidity_endocrinal_altaic,1,4,16,76
feature_chartered_conceptual_spitting,1,4,16,76
feature_unfathered_roofed_taskmaster,1,4,16,76
feature_unmoved_alt_spoonerism,1,4,16,77
feature_spicier_caller_billfold,1,4,16,77
feature_blue_swedenborgianism_squinter,1,4,16,77
feature_intended_involute_highbinder,1,4,16,77
feature_correlative_nociceptive_development,1,4,16,77
feature_jiggish_tritheist_probity,1,4,16,78
feature_durative_cuboidal_mirepoix,1,4,16,78
feature_airborne_genitival_cathouse,1,4,16,78
feature_uncharged_unovercome_smolder,1,4,16,78
feature_corticate_unuttered_langur,1,4,16,78
feature_haematoid_runaway_nightjar,1,4,16,79
feature_absent_herpetological_genitor,1,4,16,79
feature_twentieth_pampered_statocyst,1,4,16,79
feature_midget_noncognizable_plenary,1,4,16,79
feature_interjaculatory_anhedonic_lindisfarne,1,4,16,79
feature_methylated_necrophilic_serendipity,1,4,16,80
feature_adept_unsensitive_hieroglyph,1,4,16,80
feature_rival_leninist_philippine,1,4,16,80
feature_spagyric_echt_alum,1,4,16,80
feature_nipping_pinnate_attempter,1,4,16,80
feature_clerkish_flowing_chapati,1,4,17,81
feature_intersidereal_chewy_sinusoid,1,4,17,81
feature_appalachian_realistic_butyrate,1,4,17,81
feature_frequentative_participial_waft,1,4,17,81
feature_shouted_weary_hagberry,1,4,17,81
feature_introvert_symphysial_assegai,1,4,17,82
feature_conjunctional_maned_banian,1,4,17,82
feature_gripple_bracteal_huckster,1,4,17,82
feature_invalid_chromatographic_cornishman,1,4,17,82
feature_cambial_bigoted_bacterioid,1,4,17,82
feature_stereotypic_ebracteate_louise,1,4,17,83
feature_scythian_supposed_fortalice,1,4,17,83
feature_imponderable_seasoned_kinetograph,1,4,17,83
feature_covalent_methodological_brash,1,4,17,83
feature_dwarfish_equestrian_vaporizer,1,4,17,83
feature_whitened_remanent_blast,1,4,17,84
feature_unassimilated_waxed_vesicle,1,4,17,84
feature_peritectic_medallic_leaper,1,4,17,84
feature_interrogatory_isohyetal_atacamite,1,4,17,84
feature_hypertensive_seared_adenauer,1,4,17,84
feature_casemated_ibsenian_grantee,1,4,17,85
feature_contorted_weaponed_piaffe,1,4,17,85
feature_holophytic_fiercest_ruining,1,4,17,85
feature_encompassing_skeptical_salience,1,4,17,85
feature_attributable_shagged_nourishment,1,4,17,85
feature_contused_festal_geochemistry,1,4,18,86
feature_hendecagonal_deathly_stiver,1,4,18,86
feature_degenerate_officinal_feasibility,1,4,18,86
feature_unabolished_monographical_egestion,1,4,18,86
feature_frizzier_alcoholic_gadolinium,1,4,18,86
feature_resoluble_shortened_albumin,1,4,18,86
feature_munificent_stupid_hitlerism,1,4,18,86
feature_gymnasial_supremacist_osteopathy,1,4,18,86
feature_doctrinal_popular_disqualifying,1,4,18,86
feature_unaimed_yonder_filmland,1,4,18,86
feature_designer_notchy_epiploon,1,4,18,86
feature_catercorner_seemliest_prepostor,1,4,18,87
feature_cauterant_paly_discant,1,4,18,87
feature_autarkic_constabulary_dukedom,1,4,18,87
feature_congealed_lee_steek,1,4,18,87
feature_ratlike_matrilinear_collapsability,1,4,18,87
feature_compliable_buccaneerish_lyddite,1,4,18,87
feature_myographic_gawkier_timbale,1,4,18,88
feature_sole_soapy_tangible,1,4,18,88
feature_impartable_unpeaceful_pennsylvanian,1,4,18,88
feature_belorussian_augitic_entrancement,1,4,18,88
feature_decent_solo_stickup,1,4,18,88
feature_unforced_atwitter_nailer,1,4,18,88
feature_saclike_pulverizable_doornail,1,4,18,88
feature_peltate_okay_info,1,4,18,88
feature_uncompromising_fancy_kyle,1,4,18,88
feature_elating_diluvian_telepathist,1,4,18,88
feature_faltering_tergal_tip,1,4,18,89
feature_gnathic_terminological_defector,1,4,18,89
feature_maintained_childbearing_isagoge,1,4,18,89
feature_retinoscopy_flinty_wool,1,4,18,89
feature_marmalade_felled_teratogeny,1,4,18,89
feature_agronomic_cryptal_advisor,1,4,18,90
feature_inoperable_monegasque_infuriation,1,4,18,90
feature_thalamencephalic_derisory_carte,1,4,18,90
feature_alkaline_pistachio_sunstone,1,4,18,90
feature_frumpy_squishiest_burley,1,4,18,90
feature_euterpean_frazzled_williamsburg,1,4,19,91
feature_saving_inhabitable_lighthouse,1,4,19,91
feature_persuasible_ablest_menology,1,4,19,91
feature_hemispherical_unabsolved_aeolipile,1,4,19,91
feature_metabolic_minded_armorist,1,4,19,91
feature_seclusive_emendatory_plangency,1,4,19,92
feature_revealable_aeonian_elvira,1,4,19,92
feature_auxetic_cholagogue_sexton,1,4,19,92
feature_lowermost_tetrastichic_transvestism,1,4,19,92
feature_fescennine_intramundane_flamen,1,4,19,92
feature_horizontal_snug_description,1,4,19,92
feature_brushed_psychiatrical_lubbock,1,4,19,92
feature_opposable_argumentative_mesoblast,1,4,19,92
feature_interpenetrative_enabling_elm,1,4,19,92
feature_arillate_nickelic_hemorrhage,1,4,19,92
feature_zarathustrian_albigensian_itch,1,4,19,93
feature_unseparable_cedarn_orcadian,1,4,19,93
feature_unhygienic_brevipennate_viol,1,4,19,93
feature_residentiary_rollable_boaz,1,4,19,93
feature_unsparred_scarabaeid_anthologist,1,4,19,93
feature_hypertensive_aroused_urquhart,1,4,19,93
feature_nucleophilic_uremic_endogen,1,4,19,93
feature_inhabited_collectable_soda,1,4,19,93
feature_glued_antemundane_eschscholtzia,1,4,19,93
feature_unamazed_tumular_photomicrograph,1,4,19,93
feature_untouchable_unsolvable_agouti,1,4,19,94
feature_overfraught_chinked_jinx,1,4,19,94
feature_gleetier_unpared_pentecost,1,4,19,94
feature_phellogenetic_vibrational_jocelyn,1,4,19,94
feature_inconsequential_scincoid_sextant,1,4,19,94
feature_fustiest_voiced_janet,1,4,19,95
feature_alloyed_copyright_protium,1,4,19,95
feature_subovate_deicidal_brett,1,4,19,95
feature_ovular_powered_neckar,1,4,19,95
feature_afloat_brickiest_supernationalism,1,4,19,95
feature_dorsolumbar_dolesome_marshmallow,1,4,19,95
feature_devoted_straggly_charlotte,1,4,19,95
feature_tonal_graptolitic_corsac,1,4,19,95
feature_unrated_intact_balmoral,1,4,19,95
feature_provable_downstair_titicaca,1,4,19,95
feature_unblamed_mammoth_commie,1,4,20,96
feature_midnightly_falser_replacement,1,4,20,96
feature_kenotic_hispanic_yulan,1,4,20,96
feature_revitalizing_dashing_photomultiplier,1,4,20,96
feature_few_lagoonal_alcyonarian,1,4,20,96
feature_resupine_pectic_marathonian,1,4,20,96
feature_sudsy_polymeric_posteriority,1,4,20,96
feature_assenting_darn_arthropod,1,4,20,96
feature_headhunting_unsatisfied_phenomena,1,4,20,96
feature_systematic_nappiest_bruiser,1,4,20,96
feature_untumbled_histologic_inion,1,4,20,97
feature_interfertile_neozoic_solder,1,4,20,97
feature_bipinnate_oriented_earmuff,1,4,20,97
feature_westering_immunosuppressive_crapaud,1,4,20,97
feature_hagiographical_swelling_homager,1,4,20,97
feature_hawkish_domiciliary_duramen,1,4,20,97
feature_literary_live_taxon,1,4,20,97
feature_triadic_vitreum_gelding,1,4,20,97
feature_polaroid_squalliest_applause,1,4,20,97
feature_contradictory_museful_somatotropin,1,4,20,97
feature_apostate_impercipient_knighthood,1,4,20,97
feature_capsulate_rival_marcel,1,4,20,97
feature_pulverulent_tarnal_sitting,1,4,20,97
feature_biannual_maleficent_thack,1,4,20,97
feature_weldable_beribboned_margate,1,4,20,97
feature_dyspeptic_disseminative_anglophobia,1,4,20,97
feature_plutonian_unsegregated_meringue,1,4,20,97
feature_uncurtailed_translucid_coccid,1,4,20,97
feature_unwrung_corkiest_jarvey,1,4,20,97
feature_basaltic_arid_scallion,1,4,20,97
feature_subcultural_overbearing_assiduity,1,4,20,97
feature_salian_suggested_ephemeron,1,4,20,97
feature_evaporative_largo_aster,1,4,20,97
feature_liquefacient_premium_pyxidium,1,4,20,97
feature_obeisant_vicarial_passibility,1,4,20,97
feature_wry_bursal_treadler,1,4,20,97
feature_undrossy_serpentiform_sack,1,4,20,98
feature_hawaiian_adrenocorticotropic_right,1,4,20,98
feature_loved_purpure_malthusian,1,4,20,98
feature_nicer_fernier_banderilla,1,4,20,98
feature_favoring_prescript_unorthodoxy,1,4,20,98
feature_protolithic_ontogenic_fusibility,1,4,20,98
feature_pseudo_ungeared_dullard,1,4,20,98
feature_untellable_penal_allegorization,1,4,20,98
feature_amoebaean_wolfish_heeler,1,4,20,98
feature_fluorometric_guarded_dioxin,1,4,20,98
feature_unscheduled_malignant_shingling,1,4,20,98
feature_unfearing_phraseological_adder,1,4,20,98
feature_exterminated_grumbling_lawing,1,4,20,98
feature_isotopic_hymenial_starwort,1,4,20,98
feature_crawlier_residuary_biracialism,1,4,20,98
feature_vedic_mitral_swiz,1,4,20,98
feature_beery_somatologic_elimination,1,4,20,98
feature_aberdeen_tangled_providence,1,4,20,98
feature_coveted_finniest_lipogram,1,4,20,98
feature_base_ingrain_calligrapher,1,4,20,98
feature_jerkwater_eustatic_electrocardiograph,1,4,20,98
feature_direst_interrupted_paloma,1,4,20,98
feature_puberulent_nondescript_laparoscope,1,4,20,98
feature_deliberative_connatural_kinetoscope,1,4,20,98
feature_accusatory_disinfectant_deportment,1,4,20,98
feature_malacological_differential_defeated,1,4,20,98
feature_intrusive_effluent_hokkaido,1,4,20,98
feature_sulpha_wiring_ambiance,1,4,20,98
feature_accessorial_aroused_crochet,1,4,20,98
feature_dozier_mad_outrush,1,4,20,98
feature_gainly_tritheism_syndactyl,1,4,20,98
feature_congenerical_anodal_chelation,1,4,20,98
feature_attuned_southward_heckle,1,4,20,98
feature_proletary_nonionic_varment,1,4,20,98
feature_wastable_nobler_peeling,1,4,20,98
feature_leukemic_paler_millikan,1,4,20,98
feature_curvier_antinodal_absolute,1,4,20,98
feature_encased_jutting_gasometer,1,4,20,98
feature_conjugal_postvocalic_rowe,1,4,20,98
feature_pozzolanic_keltic_nymphomania,1,4,20,98
feature_brickier_heterostyled_scrutiny,1,4,20,98
feature_groggy_undescried_geosphere,1,4,20,98
feature_equipotent_undefeated_anointer,1,4,20,98
feature_gyral_extrapolated_serotherapy,1,4,20,98
feature_cromwellian_imbecilic_algonkian,1,4,20,98
feature_contraband_pyorrhoeal_vernalisation,1,4,20,98
feature_adventive_eristic_wedlock,1,4,20,98
feature_intersubjective_juristic_sagebrush,1,4,20,98
feature_christadelphian_euclidean_boon,1,4,20,98
feature_leaky_maroon_pyrometry,1,4,20,98
feature_palmary_hale_recital,1,4,20,98
feature_oscillating_elaborated_mandatory,1,4,20,98
feature_telephonic_shakable_bollock,1,4,20,98
feature_russety_boustrophedon_dactylogram,1,4,20,98
feature_whitewashed_aliunde_mesopotamia,1,4,20,98
feature_univalve_abdicant_distrail,1,4,20,98
feature_sumatran_lobose_novice,1,4,20,98
feature_maximal_unobserving_desalinisation,1,4,20,98
feature_planar_unessential_bride,1,4,20,98
feature_geodic_corky_clinic,1,4,20,98
feature_inebriant_unhopeful_beecham,1,4,20,98
feature_multiplicate_taunt_vena,1,4,20,98
feature_vaunting_offshore_bogey,1,4,20,98
feature_ctenoid_moaning_fontainebleau,1,4,20,98
feature_rural_inquisitional_trotline,1,4,20,98
feature_undersexed_agone_metaplasm,1,4,20,98
feature_halting_disguisable_syllabicity,1,4,20,98
feature_dispiriting_araeostyle_jersey,1,4,20,98
feature_quaggy_constabulary_mismanagement,1,4,20,98
feature_stockier_ghastlier_spectrogram,1,4,20,98
feature_faustian_unventilated_lackluster,1,4,20,98
feature_contralto_unblushing_beowulf,1,4,20,98
feature_hypogastric_effectual_sunlight,1,4,20,98
feature_adynamic_glossier_ghana,1,4,20,98
feature_scholiastic_dreamful_wardship,1,4,20,98
feature_fleshly_bedimmed_enfacement,1,4,20,98
feature_gardant_irreverent_inferiority,1,4,20,98
feature_vestmental_hoofed_transpose,1,4,20,99
feature_enlightening_mirthful_laurencin,1,4,20,99
feature_sulkier_inebriated_sadduceeism,1,4,20,99
feature_continuate_unprocurable_haversine,1,4,20,99
feature_pongid_agentive_rhomboid,1,4,20,99
feature_antiphrastical_tipsy_chinquapin,1,4,20,99
feature_distorted_bit_frilling,1,4,20,99
feature_acerb_venusian_piety,1,4,20,99
feature_tensed_cinnamonic_league,1,4,20,99
feature_compurgatorial_demeaning_purser,1,4,20,99
feature_nubblier_plosive_deepening,1,4,20,100
feature_hypertrophied_embryologic_forfeiter,1,4,20,100
feature_antiscorbutic_visored_convalescent,1,4,20,100
feature_communicatory_unrecommended_velure,1,4,20,100
feature_antarthritic_rhinocerotic_marquette,1,4,20,100
feature_synoptic_botryose_earthwork,1,4,20,100
feature_unlawful_superintendent_brunet,1,4,20,100
feature_echoic_dustproof_indiscernibility,1,4,20,100
feature_neurophysiological_runcinate_yardang,1,4,20,100
feature_centroclinal_incentive_lancelet,1,4,20,100
feature_terrific_epigamic_affectivity,1,4,20,100
feature_nonclinical_stewed_disreputability,1,4,20,100
feature_newish_vortical_upthrow,1,4,20,100
feature_treed_nomographic_trivet,1,4,20,100
feature_rimmed_conditional_archipelago,1,4,20,100
feature_collective_stigmatic_handfasting,1,5,21,101
feature_padded_peripteral_pericranium,1,5,21,101
feature_unsafe_trodden_wintle,1,5,21,101
feature_calefactive_anapaestic_jerome,1,5,21,102
feature_teriyaki_splashy_inaptitude,1,5,21,102
feature_adducent_ailing_gene,1,5,21,103
feature_resonant_elusive_monetisation,1,5,21,103
feature_viverrine_lockable_quitch,1,5,21,104
feature_reflected_vast_rhetor,1,5,21,104
feature_busty_unfitted_keratotomy,1,5,21,105
feature_gone_honduran_worshipper,1,5,22,106
feature_nude_revived_unpredictability,1,5,22,106
feature_bifacial_hexastyle_hemialgia,1,5,22,107
feature_brawny_confocal_frail,1,5,22,107
feature_lethal_stringy_substantial,1,5,22,107
feature_septarian_vapory_thatching,1,5,22,108
feature_haunted_fussier_vaunt,1,5,22,108
feature_toilful_exordial_synchro,1,5,22,109
feature_undebauched_conservatory_doronicum,1,5,22,109
feature_dismaying_chaldean_tallith,1,5,22,110
feature_subapostolic_dungy_fermion,1,5,23,111
feature_zionist_enterable_vagabond,1,5,23,111
feature_calycled_necrologic_naboth,1,5,23,111
feature_spiroid_chuffy_dachshund,1,5,23,111
feature_wale_planned_tolstoy,1,5,23,112
feature_prefab_stabbing_declivity,1,5,23,112
feature_palmy_superfluid_argyrodite,1,5,23,113
feature_outsized_admonishing_errantry,1,5,23,114
feature_elegiac_isolationism_lookout,1,5,23,115
feature_teenage_tapetal_infector,1,5,23,115
feature_zymotic_varnished_mulga,1,5,24,116
feature_carnassial_undecided_suspensor,1,5,24,117
feature_fraternal_whackiest_poppy,1,5,24,118
feature_multilinear_sharpened_mouse,1,5,24,119
feature_muted_gaulish_symmetry,1,5,24,120
feature_irritant_euphuistic_weka,1,5,25,121
feature_limbic_pulverizable_hindfoot,1,5,25,122
feature_floricultural_unimpeded_nomen,1,5,25,123
feature_caespitose_unverifiable_intent,1,5,25,124
feature_aristotelian_eurasian_nooky,1,5,25,125
feature_loyal_fishy_pith,2,6,26,126
feature_foudroyant_undersigned_ascendance,2,6,26,126
feature_unadjusted_citified_tupelo,2,6,26,126
feature_camphorated_spry_freemartin,2,6,26,126
feature_cupulate_mettlesome_extensimeter,2,6,26,126
feature_farcical_spinal_samantha,2,6,26,127
feature_talcose_patelliform_cana,2,6,26,127
feature_sooth_declinatory_chaton,2,6,26,127
feature_undisguised_whatever_gaul,2,6,26,127
feature_irradiative_unpolished_sodality,2,6,26,127
feature_emmetropic_heraclitean_conducting,2,6,26,128
feature_imitable_artificial_titration,2,6,26,128
feature_jeffersonian_torrent_cobaltite,2,6,26,128
feature_sorted_ignitable_sagitta,2,6,26,128
feature_nine_nimbused_cooperative,2,6,26,128
feature_antisubmarine_foregoing_cryosurgery,2,6,26,129
feature_bucktooth_stockish_sideropenia,2,6,26,129
feature_illegible_punishing_lunacy,2,6,26,129
feature_pansophic_merino_pintado,2,6,26,129
feature_undistilled_controllable_quad,2,6,26,129
feature_altern_unnoticed_impregnation,2,6,26,130
feature_affable_yellow_terne,2,6,26,130
feature_craziest_cordate_ravishment,2,6,26,130
feature_galvanometric_sturdied_billingsgate,2,6,26,130
feature_coenobitical_undistinguished_elsan,2,6,26,130
feature_aztecan_encomiastic_pitcherful,2,6,27,131
feature_mephitic_televisionary_breeder,2,6,27,132
feature_arithmetic_delicate_pantagruelist,2,6,27,132
feature_olid_reunionistic_malachi,2,6,27,133
feature_renowned_phthisic_ferrate,2,6,27,133
feature_iridic_unpropertied_spline,2,6,27,134
feature_trabeate_eutherian_valedictory,2,6,27,134
feature_dreary_gristlier_matchbox,2,6,27,134
feature_appraisive_anagrammatical_tentacle,2,6,27,135
feature_umbrella_sternmost_cloverleaf,2,6,27,135
feature_messy_glottic_ciborium,2,6,28,136
feature_servomechanical_wally_picul,2,6,28,136
feature_reduplicate_conoid_albite,2,6,28,137
feature_boyish_ductile_ninety,2,6,28,137
feature_inflexed_lamaism_crit,2,6,28,138
feature_unwatered_sightable_hardtack,2,6,28,138
feature_autodidactic_gnarlier_pericardium,2,6,28,139
feature_nonfunctional_cnemial_illocution,2,6,28,140
feature_fishier_groggier_corporeity,2,6,28,140
feature_rubblier_chlorotic_stogy,2,6,29,141
feature_dextrogyrate_permitted_mystagogy,2,6,29,142
feature_overt_smart_stendhal,2,6,29,143
feature_passerine_ultraist_neon,2,6,29,144
feature_virtual_standard_instigator,2,6,29,145
feature_coordinated_undecipherable_gag,2,6,30,146
feature_unsyllabled_skin_underworkman,2,6,30,147
feature_laggard_mincing_gemologist,2,6,30,148
feature_peaty_vulgar_branchia,2,6,30,149
feature_enorm_taboo_abysm,2,6,30,150
feature_accountable_ethnographic_counterexample,2,7,31,151
feature_burled_zinky_verdin,2,7,31,151
feature_atlantic_uveal_incommunicability,2,7,31,152
feature_epicurean_fetal_seising,2,7,31,153
feature_backswept_cryptogenic_baku,2,7,31,153
feature_tidied_tinnier_sacker,2,7,31,153
feature_extrorse_idling_vinificator,2,7,31,153
feature_unapplicable_jerkiest_klemperer,2,7,31,154
feature_croupiest_shaded_thermotropism,2,7,31,155
feature_unmechanized_completed_specializer,2,7,31,155
feature_foamy_undrilled_glaciology,2,7,32,156
feature_bedded_neutral_relishing,2,7,32,156
feature_voltairian_blackened_lodge,2,7,32,156
feature_mazy_superrefined_punishment,2,7,32,156
feature_untransmuted_homeric_crevice,2,7,32,156
feature_urochordal_swallowed_curn,2,7,32,157
feature_muddier_besieged_escarp,2,7,32,157
feature_qualifiable_dragging_mankind,2,7,32,157
feature_migrant_reliable_chirurgery,2,7,32,157
feature_mellifluent_homeomorphic_emmanuel,2,7,32,157
feature_pert_performative_hormuz,2,7,32,158
feature_unawakening_escapism_totemist,2,7,32,158
feature_resolutive_betrothed_recession,2,7,32,158
feature_creedal_greediest_vibrant,2,7,32,158
feature_demisable_expiring_millepede,2,7,32,159
feature_tricksy_dithyrambic_pallet,2,7,32,159
feature_placable_conscionable_mickey,2,7,32,159
feature_intermontane_vertical_moo,2,7,32,160
feature_smugger_hydroponic_farnesol,2,7,33,161
feature_sere_hateable_conspicuity,2,7,33,161
feature_phantasmal_stomachal_peperoni,2,7,33,161
feature_rusted_unassisting_menaquinone,2,7,33,161
feature_unsensualized_classier_professionalisation,2,7,33,161
feature_bushwhacking_unaligned_imperturbability,2,7,33,162
feature_limitable_astable_physiology,2,7,33,162
feature_unshingled_dotier_bose,2,7,33,162
feature_healthiest_glial_cliquism,2,7,33,163
feature_crookbacked_irreplaceable_heresiography,2,7,33,163
feature_telling_collinear_estanciero,2,7,33,164
feature_conventionalized_volitant_citadel,2,7,33,164
feature_casuistic_barbarian_monochromy,2,7,33,165
feature_incommensurable_diffused_curability,2,7,33,165
feature_wavier_estranged_handstand,2,7,33,165
feature_underlying_pegmatitic_disperser,2,7,34,166
feature_childing_funest_turbidity,2,7,34,166
feature_chaldean_vixenly_propylite,2,7,34,167
feature_incidental_unveiled_bobbysoxer,2,7,34,167
feature_grummest_confounding_quinquagesima,2,7,34,167
feature_sludgy_implemental_sicily,2,7,34,167
feature_invincible_unroofed_tetrachord,2,7,34,167
feature_tarry_meet_chapel,2,7,34,168
feature_kerygmatic_splashed_ziegfeld,2,7,34,168
feature_architectonic_godlier_southland,2,7,34,168
feature_chelonian_pyknic_delphi,2,7,34,169
feature_unextinct_smectic_isa,2,7,34,169
feature_corrugated_dotiest_committeewoman,2,7,34,169
feature_counter_arbitral_gyration,2,7,34,170
feature_pycnostyle_unenjoyable_balladry,2,7,34,170
feature_unvaried_social_bangkok,2,7,35,171
feature_haziest_lifelike_horseback,2,7,35,171
feature_exorbitant_myeloid_crinkle,2,7,35,171
feature_undivorced_unsatisfying_praetorium,2,7,35,171
feature_lofty_acceptable_challenge,2,7,35,171
feature_scorbutic_intellectualism_mongoloid,2,7,35,172
feature_faced_moline_gavotte,2,7,35,172
feature_undissociated_fuzziest_monoamine,2,7,35,172
feature_softish_unseparated_caudex,2,7,35,172
feature_ternary_plump_floridity,2,7,35,172
feature_permanent_cottony_ballpen,2,7,35,173
feature_squishiest_unsectarian_support,2,7,35,174
feature_streamlined_constricting_boz,2,7,35,174
feature_fortunate_unorthodoxy_trish,2,7,35,174
feature_churrigueresque_talc_archaicism,2,7,35,174
feature_pedological_unremitted_pappoose,2,7,35,174
feature_wombed_reverberatory_colourer,2,7,35,175
feature_protanopic_reptant_nimiety,2,7,35,175
feature_whatsoe'er_discredited_faerie,2,7,35,175
feature_daytime_suppurative_oximeter,2,7,35,175
feature_substandard_permissible_paresthesia,2,8,36,176
feature_curling_aurorean_iseult,2,8,36,176
feature_ginger_unexplored_sadduceeism,2,8,36,177
feature_bristly_encysted_vendue,2,8,36,177
feature_lordly_lamellicorn_buxtehude,2,8,36,177
feature_unmentioned_peddling_arboretum,2,8,36,177
feature_unmalleable_resistant_kingston,2,8,36,177
feature_shielded_specialized_goalie,2,8,36,177
feature_frowzy_berserk_lag,2,8,36,177
feature_provisionary_unfostered_subadar,2,8,36,177
feature_quadratic_untouched_liberty,2,8,36,178
feature_acquirable_helvetic_tercel,2,8,36,178
feature_articulated_shamefaced_orzo,2,8,36,178
feature_fake_lentoid_helotism,2,8,36,178
feature_epidermic_scruffiest_prosperity,2,8,36,179
feature_concessible_carpal_telesthesia,2,8,36,179
feature_preparatory_sown_rehearser,2,8,36,179
feature_faeroese_inapposite_plum,2,8,36,179
feature_reconciling_dauby_database,2,8,36,180
feature_iconomatic_boozier_age,2,8,36,180
feature_burning_incunabular_clodhopper,2,8,37,181
feature_reproving_aurorean_parlour,2,8,37,181
feature_insociable_exultant_tatum,2,8,37,182
feature_seismographic_matronly_dimeter,2,8,37,182
feature_subject_shaggier_relapse,2,8,37,182
feature_outdated_tapered_speciation,2,8,37,183
feature_malagasy_abounding_circumciser,2,8,37,183
feature_fraternal_manx_tambourine,2,8,37,183
feature_epitaxial_loathsome_essen,2,8,37,184
feature_astronomic_gripple_culverin,2,8,37,185
feature_chuffier_analectic_conchiolin,2,8,38,186
feature_eyed_scotistic_diabolism,2,8,38,187
feature_equiprobable_unsisterly_mississauga,2,8,38,188
feature_patristical_analysable_langouste,2,8,38,189
feature_unbenign_unpromising_aglet,2,8,38,190
feature_mattery_past_moro,2,8,39,191
feature_screwy_asianic_balanchine,2,8,39,192
feature_semibold_disparaging_turnip,2,8,39,193
feature_congenial_transmigrant_isobel,2,8,39,194
feature_gabby_glimmery_azalea,2,8,39,195
feature_koranic_rude_corf,2,8,40,196
feature_hieroglyphic_scalar_synchroflash,2,8,40,197
feature_myological_adducent_puebla,2,8,40,198
feature_curtained_gushier_tranquilizer,2,8,40,199
feature_hedonistic_entertaining_pelting,2,8,40,200
feature_gutta_exploitive_simpson,2,9,41,201
feature_roasting_slaked_reposition,2,9,41,201
feature_dichasial_hammier_spawner,2,9,41,202
feature_citified_certified_progestin,2,9,41,202
feature_iraqi_gentled_hector,2,9,41,202
feature_dermal_extortive_inversion,2,9,41,202
feature_highland_eocene_berean,2,9,41,203
feature_chinked_preborn_hideaway,2,9,41,203
feature_cymose_prima_guardhouse,2,9,41,203
feature_antediluvial_contributive_statecraft,2,9,41,203
feature_glare_factional_assessment,2,9,41,204
feature_dirtiest_possessory_nuku'alofa,2,9,41,204
feature_subcordate_hypsometric_matriarchate,2,9,41,204
feature_deathy_hylomorphic_christine,2,9,41,204
feature_peculiar_sheenier_quintal,2,9,41,205
feature_subglobular_unsalable_patzer,2,9,42,206
feature_inherited_accelerated_astaire,2,9,42,206
feature_unsolvable_majuscular_caique,2,9,42,206
feature_twilled_eliminable_orthoepy,2,9,42,206
feature_supergene_legible_antarthritic,2,9,42,207
feature_sidearm_pitchiest_line,2,9,42,207
feature_estuarine_candescent_podunk,2,9,42,207
feature_centric_shaggier_cranko,2,9,42,207
feature_umbonate_haired_grisette,2,9,42,207
feature_syrian_coital_counterproof,2,9,42,208
feature_waving_unmourned_bloke,2,9,42,208
feature_unwinding_prettyish_megger,2,9,42,208
feature_photolithographic_attenuate_serapeum,2,9,42,208
feature_intercalative_helvetian_infirmarian,2,9,42,209
feature_levigate_kindly_dyspareunia,2,9,42,210
feature_consecrate_legislative_cavitation,2,9,43,211
feature_scenographical_dissentient_trek,2,9,43,211
feature_pinioned_desiccated_renegade,2,9,43,211
feature_unlivable_morbific_traveling,2,9,43,212
feature_lowliest_oblatory_sprattle,2,9,43,212
feature_aberrant_frustrate_drosophila,2,9,43,213
feature_down_delinquent_madagascar,2,9,43,213
feature_mined_game_curse,2,9,43,214
feature_nomothetic_autistic_ilk,2,9,43,215
feature_fine_aberrational_deducibility,2,9,43,215
feature_unburied_exponent_pace,2,9,44,216
feature_attainable_solonian_impropriator,2,9,44,217
feature_enslaved_fattest_radiotelegraph,2,9,44,218
feature_endangered_unthreaded_firebrick,2,9,44,219
feature_dropsical_suctorial_mnemosyne,2,9,44,220
feature_hypothetic_distressing_endemic,2,9,45,221
feature_eating_lanose_linguini,2,9,45,222
feature_plaguy_preceding_hosteller,2,9,45,223
feature_unliving_bit_bengaline,2,9,45,224
feature_gobony_configured_judicatory,2,9,45,225
feature_hysteric_mechanized_recklinghausen,2,10,46,226
feature_phantasmagorial_lyophilized_chippendale,2,10,46,226
feature_ruly_comtist_passerine,2,10,46,227
feature_jubilant_ghostlier_pedestrianism,2,10,46,227
feature_unsurveyed_chopped_feldspathoid,2,10,46,228
feature_mouldiest_clostridial_paper,2,10,46,228
feature_frowsiest_bonapartean_income,2,10,46,229
feature_prevailing_thrifty_organicism,2,10,46,230
feature_continental_archival_katmandu,2,10,47,231
feature_polymorphic_climactic_corslet,2,10,47,231
feature_belgravian_salopian_sheugh,2,10,47,232
feature_learned_claustral_quiddity,2,10,47,232
feature_unstacked_trackable_blizzard,2,10,47,233
feature_unkindled_apterygial_contributory,2,10,47,234
feature_hanseatic_responsible_enneahedron,2,10,47,234
feature_rascal_unprintable_lansing,2,10,47,235
feature_flabby_unquantified_extenuation,2,10,47,235
feature_unmown_circumventive_drayage,2,10,48,236
feature_incog_decolorant_refluence,2,10,48,236
feature_dendritic_prothallium_sweeper,2,10,48,237
feature_ruffianly_uncommercial_anatole,2,10,48,237
feature_scrobiculate_unexcitable_alder,2,10,48,238
feature_apophthegmatical_catechetical_millet,2,10,48,238
feature_dropping_naevoid_swag,2,10,48,239
feature_thousandfold_cairned_commutator,2,10,48,239
feature_spinal_tainted_effort,2,10,48,240
feature_hydroponic_constitutive_etaerio,2,10,48,240
feature_uretic_seral_decoding,2,10,49,241
feature_oversea_permed_insulter,2,10,49,242
feature_unnetted_bay_premillennialist,2,10,50,246
feature_gregorian_electromagnetic_hepar,2,10,50,247
feature_sainted_nosiest_covenant,2,10,50,248
feature_covalent_unreformed_frogbit,2,10,50,249
feature_hipper_etruscan_ketose,2,10,50,250
feature_unrequired_waxing_skeptic,3,11,51,251
feature_merovingian_tenebrism_hartshorn,3,11,51,252
feature_wicker_crescent_slavocrat,3,11,51,252
feature_prepotent_swedish_superexcellence,3,11,51,252
feature_conceding_ingrate_tablespoonful,3,11,51,252
feature_hitlerite_slippy_pterygoid,3,11,51,252
feature_hexametric_ventricose_limnology,3,11,51,253
feature_dyeline_catechistic_placet,3,11,51,253
feature_crowning_frustrate_kampala,3,11,51,253
feature_driving_neurasthenic_perimysium,3,11,51,253
feature_caecilian_unexperienced_ova,3,11,51,254
feature_guttering_liberating_conurbation,3,11,51,254
feature_aesthetical_daltonian_anemology,3,11,51,254
feature_parabolical_puberulent_heartburning,3,11,51,254
feature_massed_nonracial_ecclesiologist,3,11,51,255
feature_whopping_eminent_attempter,3,11,52,256
feature_more_hindoo_diageotropism,3,11,52,256
feature_forficate_martensitic_huckaback,3,11,52,256
feature_travelled_semipermeable_perruquier,3,11,52,257
feature_delimited_doable_jim,3,11,52,257
feature_silver_handworked_scauper,3,11,52,257
feature_necrophiliac_unsublimated_rudd,3,11,52,258
feature_conciliable_fleeting_equestrienne,3,11,52,258
feature_newish_eosinophilic_sciaenoid,3,11,52,259
feature_apomictical_motorized_vaporisation,3,11,52,260
feature_hellenistic_scraggly_comfort,3,11,53,261
feature_inelastic_verist_graf,3,11,53,262
feature_gay_deceased_reen,3,11,53,263
feature_fragrant_fifteen_brian,3,11,53,264
feature_sexiest_academical_recce,3,11,53,265
feature_paramagnetic_complex_gish,3,11,54,266
feature_unaltered_squeezable_subway,3,11,54,266
feature_unforbidden_highbrow_kafir,3,11,54,266
feature_instrumentalist_extrovert_cassini,3,11,54,266
feature_arborescent_fungal_despiser,3,11,54,266
feature_stylistic_honduran_comprador,3,11,54,267
feature_fictile_shadowy_esse,3,11,54,267
feature_principled_inspiratory_loupe,3,11,54,267
feature_twisty_adequate_minutia,3,11,54,267
feature_clawed_unwept_adaptability,3,11,54,268
feature_symphysial_cossack_bonaparte,3,11,54,268
feature_bhutan_imagism_dolerite,3,11,54,268
feature_close_abloom_boomlet,3,11,54,268
feature_fumarolic_known_sharkskin,3,11,54,269
feature_unflagging_goodlier_invalidism,3,11,54,269
feature_vulcanological_sepulchral_spean,3,11,54,269
feature_ectodermal_unfeigning_chester,3,11,54,269
feature_hibernating_soritic_croupe,3,11,54,269
feature_transpiring_subsolar_biggy,3,11,54,269
feature_inseminated_filarial_mesoderm,3,11,54,270
feature_naval_edified_decarbonize,3,11,55,271
feature_passable_premed_independent,3,11,55,272
feature_antichristian_slangiest_idyllist,3,11,55,273
feature_bleeding_arabesque_pneuma,3,11,55,274
feature_unemotional_quietistic_chirper,3,11,55,275
feature_axillary_reluctant_shorty,3,12,56,276
feature_aggrieved_rammish_tommy,3,12,56,276
feature_campestral_salted_romanism,3,12,56,276
feature_submediant_serbonian_rangefinder,3,12,56,276
feature_unforbidden_flaming_settlement,3,12,56,277
feature_tercentenary_triliteral_formosa,3,12,56,277
feature_chaotic_granitoid_theist,3,12,56,278
feature_flavourful_seismic_erica,3,12,56,279
feature_desiderative_commiserative_epizoa,3,12,56,280
feature_theophanic_winded_passacaglia,3,12,56,280
feature_subdued_spiffier_kano,3,12,57,281
feature_edge_hanoverian_cockneyfication,3,12,57,281
feature_porky_gyratory_whitewall,3,12,57,281
feature_cerebrovascular_weeny_advocate,3,12,57,281
feature_haploid_occluded_moral,3,12,57,281
feature_descendent_decanal_hon,3,12,57,282
feature_coelomate_orbiculate_osteology,3,12,57,282
feature_eclectic_citified_testator,3,12,57,282
feature_philologic_errhine_nubbin,3,12,57,282
feature_intertwined_leeriest_suffragette,3,12,57,283
feature_leadiest_unliveable_macadamia,3,12,57,283
feature_octave_tingly_flitch,3,12,57,283
feature_randomized_dystonic_knar,3,12,57,283
feature_petitionary_evanescent_diallage,3,12,57,284
feature_beady_unkind_barret,3,12,57,285
feature_gymnastic_neap_thoracostomy,3,12,58,286
feature_semestral_unapplausive_warfarin,3,12,58,286
feature_questionable_diplex_caesarist,3,12,58,287
feature_unlike_creeping_mammock,3,12,58,287
feature_healthful_mitigated_magnesium,3,12,58,288
feature_trochaic_metonymic_dichogamy,3,12,58,288
feature_indentured_communicant_tulipomania,3,12,58,289
feature_refreshed_untombed_skinhead,3,12,58,289
feature_congenital_conched_perithecium,3,12,58,290
feature_heliotropic_inane_papistry,3,12,58,290
feature_totemic_unshaded_encore,3,12,59,291
feature_budgetary_surrounded_formicary,3,12,59,291
feature_inhabited_pettier_veinlet,3,12,59,292
feature_trim_axial_suffocation,3,12,59,292
feature_aliped_subclavicular_nasopharynx,3,12,59,292
feature_tyrian_wretched_frangipane,3,12,59,293
feature_reachable_angled_irrevocability,3,12,59,293
feature_glyptic_unrubbed_holloway,3,12,59,294
feature_quinsied_increased_braincase,3,12,59,295
feature_investigatory_inerasable_circumvallation,3,12,59,295
feature_built_reincarnate_sherbet,3,12,60,296
feature_ignored_splay_management,3,12,60,296
feature_beauish_seismal_lobe,3,12,60,296
feature_gossamer_placable_wycliffite,3,12,60,296
feature_pedal_dissident_thummim,3,12,60,296
feature_geographical_ecstatic_geta,3,12,60,297
feature_ovidian_compelling_popsy,3,12,60,297
feature_untrimmed_monaxial_accompanist,3,12,60,298
feature_amoebic_scarabaeid_gypsum,3,12,60,298
feature_unministerial_albinotic_salish,3,12,60,298
feature_unlike_guelfic_sculp,3,12,60,298
feature_leisurable_dehortatory_pretoria,3,12,60,299
feature_doggish_whacking_headscarf,3,12,60,300
feature_uninclosed_handcrafted_springing,3,12,60,300
feature_mandibulate_whining_localizer,3,12,60,300
feature_ambisexual_boiled_blunderer,3,13,61,301
feature_fissirostral_multifoliate_chillon,3,13,62,306
feature_prevailing_nubile_hearst,3,13,62,307
feature_moralistic_heartier_typhoid,3,13,62,308
feature_reclinate_cruciform_lilo,3,13,62,309
feature_coactive_prefatorial_lucy,3,13,62,310
feature_scenic_cormophytic_bilirubin,3,13,63,311
feature_dreary_penal_acroterium,3,13,63,312
feature_flintier_enslaved_borsch,3,13,63,313
feature_behaviorist_microbiological_farina,3,13,63,314
feature_fierier_goofier_follicle,3,13,64,316
feature_polybasic_unbreathed_magdeburg,3,13,64,317
feature_canalicular_peeling_lilienthal,3,13,64,318
feature_pronominal_rampant_megaspore,3,13,64,319
feature_dipped_sent_giuseppe,3,13,65,321
feature_chopfallen_fasciate_orchidologist,3,14,66,326
feature_brachydactylic_azonic_strife,3,14,66,327
feature_diabasic_prescribed_autograft,3,14,66,328
feature_uncertified_myrmecological_nagger,3,14,66,329
feature_drawable_exhortative_dispersant,3,14,66,330
feature_sallowish_cognisant_romaunt,3,14,67,331
feature_tanagrine_balconied_shut,3,14,67,332
feature_persnickety_schmalziest_dolichocephaly,3,14,67,333
feature_hypersonic_volcanological_footwear,3,14,67,334
feature_lageniform_theodicean_terylene,3,14,67,335
feature_offshore_defamatory_catalog,3,14,68,336
feature_elating_apeak_hoodwinker,3,14,68,337
feature_anoxic_froward_europe,3,14,68,338
feature_periscopic_thirteenth_cartage,3,14,68,339
feature_limnological_proboscidean_nomologist,3,14,68,340
feature_unco_terefah_thirster,3,14,69,341
feature_arizonan_endurable_daw,3,14,69,342
feature_rockier_overdelicate_barostat,3,14,69,343
feature_unnourishing_indiscreet_occiput,3,14,69,344
feature_seven_entomological_boothose,3,14,69,345
feature_grazed_blameful_desiderative,3,14,70,346
feature_powdered_incased_project,3,14,70,347
feature_phenomenal_photosynthetic_berg,3,14,70,348
feature_uncomplimentary_malignant_scoff,3,14,70,349
feature_unattached_flowing_longfellow,3,14,70,350
feature_log_unregenerate_babel,3,15,71,351
feature_recidivism_petitory_methyltestosterone,3,15,71,352
feature_biochemical_searching_sodalite,3,15,71,353
feature_voltairean_dyslogistic_epagoge,3,15,72,356
feature_waxiest_orthogonal_hiroshima,3,15,72,357
feature_cachectical_metaphysic_patency,3,15,72,358
feature_buxom_curtained_sienna,3,15,72,359
feature_branched_dilatory_sunbelt,3,15,72,360
feature_cleanly_kickable_miriam,3,15,73,361
feature_derogative_sawdusty_photolithography,3,15,73,362
feature_raglan_gouty_twiddler,3,15,74,366
feature_gory_ratite_santir,3,15,74,367
feature_agile_unrespited_gaucho,3,15,75,371
feature_irresponsive_compositive_ramson,3,15,75,372
feature_unsealed_suffixal_babar,3,15,75,373
feature_plexiform_won_elk,4,16,76,376
feature_induplicate_hoarse_disbursement,4,16,76,377
feature_irreplaceable_regurgitate_ctenophore,4,16,77,381
feature_dustiest_algonkian_plasticity,4,16,77,382
feature_shabbiest_bewildering_editorialization,4,16,78,386
feature_twinning_inconsequent_quercetin,4,16,78,387
feature_undetermined_idle_aftergrowth,4,16,79,391
feature_pellicular_comeliest_charlatan,4,16,79,392
feature_antipathetical_terrorful_ife,4,16,80,396
feature_cottony_ischaemic_venery,4,16,80,397
feature_hillier_unpitied_theobromine,4,17,81,401
feature_chillier_consultatory_latest,4,17,81,402
feature_motherly_chalkier_woking,4,17,81,403
feature_rowable_unshod_noise,4,17,81,404
feature_plausive_carboxyl_elaborator,4,17,81,405
feature_unmodernized_vasodilator_galenist,4,17,82,406
feature_paraffinoid_irreplevisable_ombu,4,17,82,406
feature_unsatisfied_mesopotamian_woodruff,4,17,82,407
feature_radiculose_perfectionistic_swing,4,17,82,407
feature_deliquescent_lintiest_protamine,4,17,82,407
feature_inapproachable_aging_lully,4,17,82,408
feature_often_awry_chyme,4,17,82,408
feature_limitative_traditional_yodeller,4,17,82,408
feature_subsidiary_enzymatic_hedonist,4,17,82,409
feature_oblate_quivery_bottrop,4,17,82,409
feature_exacerbating_presentationism_apagoge,4,17,82,410
feature_tweedy_noncontroversial_poisoner,4,17,82,410
feature_apogamic_obeisant_pondicherry,4,17,83,411
feature_splitting_sexagesimal_teutonisation,4,17,83,411
feature_hierologic_assault_candida,4,17,83,412
feature_multicostate_undescended_monoacid,4,17,83,412
feature_earthlier_parian_pistachio,4,17,83,413
feature_criticisable_authentical_deprecation,4,17,83,414
feature_invalid_extortionary_titillation,4,17,83,414
feature_grandmotherly_circumnavigable_homonymity,4,17,83,415
feature_stelar_balmiest_pellitory,4,17,84,416
feature_hypermetropic_unsighted_forsyth,4,17,84,416
feature_calycled_living_birmingham,4,17,84,417
feature_hydrologic_cymric_nyctophobia,4,17,84,418
feature_dentilingual_removed_osmometer,4,17,84,419
feature_demure_groutiest_housedog,4,17,84,420
feature_unsparing_moralistic_commissary,4,17,85,421
feature_innumerate_alated_soliped,4,17,85,422
feature_verism_awing_countrywoman,4,17,85,423
feature_prettyish_lapsed_manifest,4,17,85,424
feature_venatic_intermetallic_darling,4,18,86,426
feature_yearning_tippy_taking,4,18,86,427
feature_mobile_savoyard_maidenhead,4,18,86,428
feature_flakiest_fleecy_novelese,4,18,86,429
feature_unwarrantable_egotistic_guayule,4,18,86,430
feature_voltairean_consolidative_parallel,4,18,87,431
feature_latin_throwback_lactoscope,4,18,87,432
feature_rationalist_crippled_dreadnaught,4,18,87,433
feature_septicemic_telangiectatic_flake,4,18,87,434
feature_tittering_virgilian_decliner,4,18,88,436
feature_commensurable_industrial_jungfrau,4,18,88,437
feature_literate_treacly_altercation,4,18,88,438
feature_armoured_finable_skywriter,4,18,89,441
feature_bathypelagic_companionate_disenchanter,4,18,90,446
feature_pictographic_epithetic_pleiocene,4,18,90,447
feature_socialized_obconical_itemization,4,19,91,451
feature_amphictyonic_secretarial_induline,4,19,91,451
feature_caressive_cognate_cubature,4,19,91,452
feature_crablike_panniered_gloating,4,19,91,452
feature_formational_preventive_capp,4,19,91,453
feature_undersealed_waxiest_floriculturist,4,19,91,454
feature_upturned_epicanthic_galilee,4,19,91,454
feature_ruptured_activist_twill,4,19,91,455
feature_fake_trident_agitator,4,19,92,456
feature_wieldable_defiled_aperitive,4,19,92,457
feature_gradely_dippy_gaol,4,19,92,458
feature_muskiest_transcendentalist_pantheism,4,19,92,459
feature_transmontane_clerkly_value,4,19,93,461
feature_together_suppositive_aster,4,19,93,462
feature_vizierial_courtlier_hampton,4,19,94,466
feature_lost_quirky_botel,4,19,94,467
feature_jauntier_talc_noreen,4,19,95,471
feature_yankee_nonary_okavango,4,19,95,472
feature_clashing_disheartening_rattler,4,19,95,473
feature_monocarpic_grey_hanger,4,19,95,474
feature_capitate_plaguy_hooper,4,20,96,476
feature_mesoblastic_anatolian_deodand,4,20,96,477
feature_castrated_presented_quizzer,4,20,97,481
feature_petalled_backmost_crimplene,4,20,97,482
feature_slack_calefacient_tableau,4,20,97,483
feature_macrobiotic_benignant_eurasia,4,20,97,484
feature_restricted_aggregately_workmanship,4,20,98,486
feature_secernent_condensed_lynchet,4,20,98,487
feature_eruptive_seasoned_pharmacognosy,4,20,99,491
feature_reserved_cleanable_soldan,4,20,100,496
feature_planned_superimposed_bend,5,21,101,501
feature_indefatigable_enterprising_calf,5,21,102,506
feature_imperviable_surprised_running,5,21,102,507
feature_jumping_homemaking_shaveling,5,21,102,508
feature_conscionable_insouciant_pariah,5,21,102,509
feature_piffling_inflamed_jupiter,5,21,103,511
feature_theocratic_discriminate_subchloride,5,21,103,512
feature_telial_gnarliest_darmstadt,5,21,103,513
feature_stereo_orthotone_infernal,5,21,103,514
feature_reported_slimy_rhapsody,5,21,104,516
feature_indirect_concrete_canaille,5,21,104,517
feature_gullable_sanguine_incongruity,5,21,104,518
feature_contaminative_intrusive_tagrag,5,21,105,521
feature_divulsive_cordial_bremsstrahlung,5,21,105,522
feature_macrocephalic_tiresome_piroshki,5,21,105,523
feature_imparipinnate_autoerotic_joel,5,21,105,524
feature_juvenalian_paunchy_uniformitarianism,5,22,106,526
feature_abstersive_emotional_misinterpreter,5,22,107,531
feature_neptunian_supersensitive_stapler,5,22,107,532
feature_savory_engrained_undervest,5,22,107,533
feature_brittle_chautauqua_elite,5,22,107,534
feature_escutcheoned_timocratic_kotwal,5,22,108,536
feature_interoceptive_fifteenth_trey,5,22,108,537
feature_thumblike_aniconic_plantagenet,5,22,108,538
feature_steepled_transistorized_shelter,5,22,109,541
feature_draconic_contractible_romper,5,22,110,546
feature_integrated_extroversive_ambivalence,5,23,111,551
feature_embryo_sloping_albertine,5,23,111,552
feature_stentorian_contraband_swarajism,5,23,111,553
feature_lipogrammatic_blowsier_seismometry,5,23,112,556
feature_unluckiest_mulley_benzyl,5,23,113,561
feature_auroral_glary_quamash,5,23,113,562
feature_antinomical_swart_coo,5,23,113,563
feature_heliocentric_stealthy_waning,5,23,114,566
feature_vibrational_schooled_quadrivalence,5,23,115,571
feature_chafed_undenominational_backstitch,5,24,116,576
feature_temporary_dreamful_aldershot,5,24,116,577
feature_wiliest_specialistic_azrael,5,24,116,578
feature_madrigalian_distichal_otranto,5,24,116,579
feature_affricative_bromic_raftsman,5,24,117,581
feature_picked_inferrible_lanark,5,24,117,582
feature_livelong_sounded_squirm,5,24,117,583
feature_inexpugnable_gleg_candelilla,5,24,118,586
feature_cyrenaic_unschooled_silurian,5,24,119,591
feature_dissilient_stunning_ribwort,5,24,120,596
feature_unweary_congolese_captain,5,25,121,601
feature_calceolate_pudgy_armure,5,25,122,606
feature_eradicable_douce_teleconference,5,25,122,607
feature_hotshot_undefied_aten,5,25,123,611
feature_unsafe_perspectivist_dairyman,5,25,123,612
feature_coalier_typhoid_muntin,5,25,124,616
feature_bold_brindle_playground,5,25,124,617
feature_mailed_harried_grant,5,25,124,618
feature_forworn_hask_haet,5,25,124,619
feature_illiterate_stomachal_terpene,5,25,125,621
